{"Loss/Train": 4.5488297055071945, "PPL/Dev": 159.6278408593755, "epoch": 55, "_timestamp": 1729326865.4333637, "_runtime": 610.1135156154633, "_step": 56, "Final PPL/Test": 149.77489647623494, "PPL": 149.775, "_wandb": {"runtime": 609}}