{"Loss/Train": 4.336210893984876, "PPL/Dev": 107.06002037505812, "epoch": 162, "_timestamp": 1729586530.1962836, "_runtime": 1975.1993725299835, "_step": 163, "Final PPL/Test": 104.56594113892854, "PPL": 104.566, "_wandb": {"runtime": 1974}}