{"Loss/Train": 4.451040409947648, "PPL/Dev": 110.11652573040597, "epoch": 96, "_timestamp": 1729590103.8083906, "_runtime": 1176.7890515327454, "_step": 97, "Final PPL/Test": 105.89754546170654, "PPL": 105.898, "_wandb": {"runtime": 1175}}