{"Loss/Train": 4.690036930838613, "PPL/Dev": 124.89424373328671, "epoch": 158, "_timestamp": 1729588737.666848, "_runtime": 1933.1236379146576, "_step": 159, "Final PPL/Test": 120.4810769705715, "PPL": 120.481, "_wandb": {"runtime": 1932}}