{"Loss/Train": 5.2614267492733635, "PPL/Dev": 269.9907916273168, "epoch": 76, "_timestamp": 1729499508.3135164, "_runtime": 838.1801543235779, "_step": 77, "Final PPL/Test": 261.53297547151146, "PPL": 261.533, "_wandb": {"runtime": 837}}