{"Loss/Train": 5.016823056077222, "PPL/Dev": 281.5429135121783, "epoch": 56, "_timestamp": 1729513504.9090579, "_runtime": 746.1143729686737, "_step": 57, "Final PPL/Test": 268.4375651478524, "PPL": 268.438, "_wandb": {"runtime": 745}}