{"Loss/Train": 5.0236653629157235, "PPL/Dev": 191.5023243973908, "epoch": 42, "_timestamp": 1729324195.8610685, "_runtime": 433.54032850265503, "_step": 43, "Final PPL/Test": 184.00001858771913, "PPL": 184.0, "_wandb": {"runtime": 433}}