{"Loss/Train": 4.814325959826391, "PPL/Dev": 135.68673673635794, "epoch": 123, "_timestamp": 1729330970.1144104, "_runtime": 1358.4470474720001, "_step": 124, "Final PPL/Test": 130.7385155473929, "PPL": 130.739, "_wandb": {"runtime": 1358}}