{"Loss/Train": 5.043929216329483, "PPL/Dev": 150.4223114830271, "epoch": 99, "_timestamp": 1729329427.874327, "_runtime": 1095.5416090488434, "_step": 100, "Final PPL/Test": 144.5070069655484, "PPL": 144.507, "_wandb": {"runtime": 1095}}