{"Loss/Train": 4.343520035869257, "PPL/Dev": 122.36379527148773, "epoch": 89, "_timestamp": 1729337835.4028172, "_runtime": 993.4536652565002, "_step": 90, "Final PPL/Test": 112.62245649024804, "PPL": 112.622, "_wandb": {"runtime": 992}}