{"Slot F1": 0.942, "Intent Acc": 0.951, "_timestamp": 1729155142.9163456, "_runtime": 648.4598345756531, "_step": 5, "_wandb": {"runtime": 648}}