{"Loss/Train": 5.376742427760458, "PPL/Dev": 224.668807163414, "epoch": 7, "_timestamp": 1729579948.5827937, "_runtime": 93.277747631073, "_step": 6, "_wandb": {"runtime": 98}}