{"Loss/Train": 4.733343803838852, "PPL/Dev": 175.9664797475299, "epoch": 29, "_timestamp": 1729324617.120531, "_runtime": 301.8513560295105, "_step": 30, "Final PPL/Test": 164.3051167549185, "PPL": 164.305, "_wandb": {"runtime": 301}}