{"Loss/Train": 4.996854746416426, "PPL/Dev": 150.31149627084383, "epoch": 136, "_timestamp": 1729332581.7403963, "_runtime": 1498.114018201828, "_step": 137, "Final PPL/Test": 144.69578183939615, "PPL": 144.696, "_wandb": {"runtime": 1497}}