{"Loss/Train": 4.954940542189463, "PPL/Dev": 274.6943957318327, "epoch": 42, "_timestamp": 1729519809.9370375, "_runtime": 533.4975075721741, "_step": 43, "Final PPL/Test": 265.3977533339307, "PPL": 265.398, "_wandb": {"runtime": 533}}