{"Loss/Train": 7.220797839587441, "PPL/Dev": 791.2669703405968, "epoch": 1, "_timestamp": 1729617025.490137, "_runtime": 21.326014041900635, "_step": 0, "_wandb": {"runtime": 21}}