{"Loss/Train": 6.08425012432547, "PPL/Dev": 463.64594899335685, "epoch": 7, "_timestamp": 1729512715.9116478, "_runtime": 97.48052287101746, "_step": 6, "_wandb": {"runtime": 102}}