{"Loss/Train": 5.794895799832065, "PPL/Dev": 270.87325386221573, "epoch": 56, "_timestamp": 1729580793.7656138, "_runtime": 685.717512845993, "_step": 55, "_wandb": {"runtime": 691}}