{"Slot F1": 0.941, "Intent Acc": 0.949, "_timestamp": 1729154412.388657, "_runtime": 640.351047039032, "_step": 5, "_wandb": {"runtime": 640}}