{"Loss/Train": 4.457386688764013, "PPL/Dev": 133.4378908428586, "epoch": 124, "_timestamp": 1729583278.1390915, "_runtime": 1510.577345609665, "_step": 125, "Final PPL/Test": 128.66763643597596, "PPL": 128.668, "_wandb": {"runtime": 1510}}