{"Loss/Train": 4.993575678025567, "PPL/Dev": 295.1152813655655, "epoch": 42, "_timestamp": 1729521016.64574, "_runtime": 514.5856170654297, "_step": 43, "Final PPL/Test": 281.3270535206483, "PPL": 281.327, "_wandb": {"runtime": 514}}