{"Loss/Train": 4.057518471546962, "PPL/Dev": 103.72644450944532, "epoch": 199, "_timestamp": 1729667614.9473448, "_runtime": 2545.4512038230896, "_step": 400, "PPL/Dev/NTA": 104.20311228066593, "Final PPL/Test/NTA": 101.7159331229568, "Final PPL/Test": 101.06139830436342, "PPL": 101.061, "_wandb": {"runtime": 2545}}