{"Loss/Train": 5.50489525136716, "PPL/Dev": 234.97262090210552, "epoch": 47, "_timestamp": 1729618782.1293364, "_runtime": 606.9016194343567, "_step": 93, "PPL/Dev/NTA": 231.60949715639205, "_wandb": {"runtime": 615}}