{"Loss/Train": 4.6971665368678455, "PPL/Dev": 170.17565844811813, "epoch": 46, "_timestamp": 1729323707.0993423, "_runtime": 474.53606724739075, "_step": 47, "Final PPL/Test": 161.45372101769973, "PPL": 161.454, "_wandb": {"runtime": 474}}