{"Loss/Train": 4.674180766462193, "PPL/Dev": 160.58693819362057, "epoch": 69, "_timestamp": 1729326211.010049, "_runtime": 764.7492852210999, "_step": 70, "Final PPL/Test": 153.83054399646147, "PPL": 153.831, "_wandb": {"runtime": 764}}