{"Loss/Train": 4.303195868443094, "PPL/Dev": 130.77682782459362, "epoch": 73, "_timestamp": 1729581720.960474, "_runtime": 890.8859419822693, "_step": 74, "Final PPL/Test": 125.72744205409039, "PPL": 125.727, "_wandb": {"runtime": 890}}