{"Loss/Train": 4.584613564611284, "PPL/Dev": 117.85776668273776, "epoch": 199, "_timestamp": 1729670305.3408206, "_runtime": 2544.615175485611, "_step": 400, "PPL/Dev/NTA": 137.57232194376135, "Final PPL/Test/NTA": 133.34848638183303, "Final PPL/Test": 114.64613506471815, "PPL": 114.646, "_wandb": {"runtime": 2544}}