{"Slot F1": 0.927, "Intent Acc": 0.94, "_timestamp": 1729153673.7838132, "_runtime": 522.5135552883148, "_step": 5, "_wandb": {"runtime": 521}}