{"Loss/Train": 5.500500640597648, "PPL/Dev": 258.6311116671249, "epoch": 4, "_timestamp": 1729268636.6156273, "_runtime": 49.1598002910614, "_step": 3, "_wandb": {"runtime": 49}}