{"Loss/Train": 4.4283869624091805, "PPL/Dev": 133.22032371332728, "epoch": 83, "_timestamp": 1729584447.6316528, "_runtime": 1012.2054817676544, "_step": 84, "Final PPL/Test": 129.62430586422207, "PPL": 129.624, "_wandb": {"runtime": 1011}}