{"Loss/Train": 5.703081456115444, "PPL/Dev": 284.06936314910826, "epoch": 4, "_timestamp": 1729579837.5125952, "_runtime": 63.64380121231079, "_step": 3, "_wandb": {"runtime": 66}}