{"Loss/Train": 4.892938273493803, "PPL/Dev": 174.76499222518942, "epoch": 93, "_timestamp": 1729328182.866359, "_runtime": 1023.9747030735016, "_step": 94, "Final PPL/Test": 167.57801870600457, "PPL": 167.578, "_wandb": {"runtime": 1023}}