{"Loss/Train": 7.222443011461213, "PPL/Dev": 774.5853261397323, "epoch": 1, "_timestamp": 1729616665.841345, "_runtime": 21.076377153396606, "_step": 0, "_wandb": {"runtime": 21}}