{"Loss/Train": 4.324414603461454, "PPL/Dev": 122.58145536739207, "epoch": 53, "_timestamp": 1729334769.479446, "_runtime": 595.8607919216156, "_step": 54, "Final PPL/Test": 113.3376118780977, "PPL": 113.338, "_wandb": {"runtime": 595}}