{"Loss/Train": 5.78941132213206, "PPL/Dev": 280.92153056919915, "epoch": 5, "_timestamp": 1729580080.3507001, "_runtime": 69.22590112686157, "_step": 4, "_wandb": {"runtime": 76}}