{"Loss/Train": 4.844621798272381, "PPL/Dev": 137.96970416183353, "epoch": 60, "_timestamp": 1729617928.4471822, "_runtime": 787.8934252262115, "_step": 118, "PPL/Dev/NTA": 137.26426538560858, "_wandb": {"runtime": 787}}