{"Loss/Train": 4.5797898566820345, "PPL/Dev": 156.67388245319688, "epoch": 38, "_timestamp": 1729325335.7739513, "_runtime": 423.9934253692627, "_step": 39, "Final PPL/Test": 149.20954500964768, "PPL": 149.21, "_wandb": {"runtime": 423}}