{"Loss/Train": 4.721106660027969, "PPL/Dev": 174.98753683368332, "epoch": 30, "_timestamp": 1721750314.6255982, "_runtime": 310.71627616882324, "_step": 30, "Final PPL/Test": 163.2368134180125, "_wandb": {"runtime": 310}}