{"Loss/Train": 4.986031746222041, "PPL/Dev": 294.0712388432099, "epoch": 44, "_timestamp": 1729520402.0558321, "_runtime": 541.206945180893, "_step": 45, "Final PPL/Test": 280.80222931149706, "PPL": 280.802, "_wandb": {"runtime": 540}}