{"Loss/Train": 4.6982684227739755, "PPL/Dev": 179.50620652098232, "epoch": 27, "_timestamp": 1729322959.714631, "_runtime": 288.8716530799866, "_step": 28, "Final PPL/Test": 169.83887797539492, "PPL": 169.839, "_wandb": {"runtime": 288}}