{"Slot F1": 0.928, "Intent Acc": 0.941, "_timestamp": 1729152948.4989946, "_runtime": 116.42741847038269, "_step": 1, "_wandb": {"runtime": 116}}