{"Loss/Train": 4.233605407760507, "PPL/Dev": 105.16304031407759, "epoch": 199, "_timestamp": 1729621349.0645566, "_runtime": 2544.357790708542, "_step": 400, "PPL/Dev/NTA": 109.92504852864056, "Final PPL/Test/NTA": 106.4809180197243, "Final PPL/Test": 102.08206658462868, "PPL": 102.082, "_wandb": {"runtime": 2543}}