{"Loss/Train": 4.368393237065118, "PPL/Dev": 123.00773723514538, "epoch": 28, "_timestamp": 1729336586.3591707, "_runtime": 319.09719157218933, "_step": 29, "Final PPL/Test": 114.84318226924535, "PPL": 114.843, "_wandb": {"runtime": 318}}