{"Loss/Train": 5.065698592035209, "PPL/Dev": 278.5230064149949, "epoch": 31, "_timestamp": 1729518780.8242824, "_runtime": 403.67993545532227, "_step": 30, "_wandb": {"runtime": 402}}