{"Loss/Train": 3.964965550595339, "PPL/Dev": 105.61211928209991, "epoch": 199, "_timestamp": 1729672884.9805663, "_runtime": 2535.2370023727417, "_step": 400, "PPL/Dev/NTA": 102.5452147347828, "Final PPL/Test/NTA": 100.16841175250413, "Final PPL/Test": 103.10446488683122, "PPL": 103.104, "_wandb": {"runtime": 2534}}