{"Loss/Train": 4.933676452535583, "PPL/Dev": 144.58828639965512, "epoch": 109, "_timestamp": 1729334094.9781792, "_runtime": 1201.0752692222595, "_step": 110, "Final PPL/Test": 139.20694127001752, "PPL": 139.207, "_wandb": {"runtime": 1200}}